Denominazione,Indirizzo,CAP,Comune,Provincia,Regione,Codice_univoco,Partita_IVA,Direccion_completa
FARMACIA CASTELLI S.N.C. DOTT.SSE GIORGIA PAVAN E DALILA PEDRETTI,"Piazza Pompeo Castelli, 14",20156,Milano,Milano (MI),Lombardia,F/2986,10151100962,"Piazza Pompeo Castelli, 14, 20156 Milano, Italia"
SANTA GIULIA,"Via Bonfadini, 87",20138,Milano,Milano (MI),Lombardia,F/18125,1662890670,"Via Bonfadini, 87, 20138 Milano, Italia"
ALLEANZA FARMACEUTICA,"Via Cesare Correnti, 2",20123,Milano,Milano (MI),Lombardia,F/2802,2309010151,"Via Cesare Correnti, 2, 20123 Milano, Italia"
ALZAIA PAVESE SAS DR. CRUPI NICOLA & C.,"Via Mario Pichi, 9",20149,Milano,Milano (MI),Lombardia,F/2886,4130990965,"Via Mario Pichi, 9, 20149 Milano, Italia"
ANTICA FARMACIA DEL VERZIERE DI ROSANNA VIGANO' & C. SNC,"Corso 22 Marzo, 52/7",20137,Milano,Milano (MI),Lombardia,F/2666,9566000965,"Corso 22 Marzo, 52/7, 20137 Milano, Italia"
ANTICA FARMACIA DIANA,"Piazzale Oberdan, 4",20129,Milano,Milano (MI),Lombardia,F/2958,12522980155,"Piazzale Oberdan, 4, 20129 Milano, Italia"
ARIBERTO SAS,"Via Edmondo De Amicis, 51",20123,Milano,Milano (MI),Lombardia,F/2898,10811240158,"Via Edmondo De Amicis, 51, 20123 Milano, Italia"
NUOVA BERETTA SNC DI SILVIA BASSI & C.,"Viale Bligny, 47",20136,Milano,Milano (MI),Lombardia,F/2601,8586580964,"Viale Bligny, 47, 20136 Milano, Italia"
BICOCCA SNC,"Viale Suzzani, 273",20162,Milano,Milano (MI),Lombardia,F/2672,5381100964,"Viale Suzzani, 273, 20162 Milano, Italia"
DE LUCA SNC,"Via Nino Bixio, 1",20129,Milano,Milano (MI),Lombardia,F/2918,6759200964,"Via Nino Bixio, 1, 20129 Milano, Italia"
MUNICIPALE N.16,"Via Suzzani, 155",20162,Milano,Milano (MI),Lombardia,F/2713,1199250158,"Via Suzzani, 155, 20162 Milano, Italia"
MUNICIPALE N.15,"VIa Pierlombardo, 19",20135,Milano,Milano (MI),Lombardia,F/2714,1199250158,"VIa Pierlombardo, 19, 20135 Milano, Italia"
MUNICIPALE N.13,"Piazza Bonomelli, 4",20139,Milano,Milano (MI),Lombardia,F/2717,1199250158,"Piazza Bonomelli, 4, 20139 Milano, Italia"
MUNICIPALE N.25,"Via Forze Armate, 44",20147,Milano,Milano (MI),Lombardia,F/2720,1199250158,"Via Forze Armate, 44, 20147 Milano, Italia"
MUNICIPALE N.10,"Via Palanzone, 32",20162,Milano,Milano (MI),Lombardia,F/2722,1199250158,"Via Palanzone, 32, 20162 Milano, Italia"
MUNICIPALE N.81,"Via Chiarelli, 10",20151,Milano,Milano (MI),Lombardia,F/2723,1199250158,"Via Chiarelli, 10, 20151 Milano, Italia"
MUNICIPALE N.8,"Via Val Maira, 14",20162,Milano,Milano (MI),Lombardia,F/2726,1199250158,"Via Val Maira, 14, 20162 Milano, Italia"
MUNICIPALE N.20,"Piazza Axum, 5/3",20151,Milano,Milano (MI),Lombardia,F/2727,1199250158,"Piazza Axum, 5/3, 20151 Milano, Italia"
MUNICIPALE N.28,"Via Teodosio, 104",20131,Milano,Milano (MI),Lombardia,F/2728,1199250158,"Via Teodosio, 104, 20131 Milano, Italia"
MUNICIPALE N.29,"Via Lessona, 55",20157,Milano,Milano (MI),Lombardia,F/2729,1199250158,"Via Lessona, 55, 20157 Milano, Italia"
MUNICIPALE N.12,"VIa Iglesias, 48",20128,Milano,Milano (MI),Lombardia,F/2732,1199250158,"VIa Iglesias, 48, 20128 Milano, Italia"
MUNICIPALE N.24,"Via Morgantini, 14",20148,Milano,Milano (MI),Lombardia,F/2733,1199250158,"Via Morgantini, 14, 20148 Milano, Italia"
MUNICIPALE N.33,"Via Angeloni, 33",20161,Milano,Milano (MI),Lombardia,F/2734,1199250158,"Via Angeloni, 33, 20161 Milano, Italia"
MUNICIPALE N.37,"Via Vetta d'Italia, 18",20144,Milano,Milano (MI),Lombardia,F/2735,1199250158,"Via Vetta d'Italia, 18, 20144 Milano, Italia"
MUNICIPALE N.31,"Via Vignoli, 42/44",20146,Milano,Milano (MI),Lombardia,F/2736,1199250158,"Via Vignoli, 42/44, 20146 Milano, Italia"
MUNICIPALE N.35,"Via Petrocchi, 21",20127,Milano,Milano (MI),Lombardia,F/2737,1199250158,"Via Petrocchi, 21, 20127 Milano, Italia"
MUNICIPALE N.34,"Via Marucchetti, 27",20139,Milano,Milano (MI),Lombardia,F/2742,1199250158,"Via Marucchetti, 27, 20139 Milano, Italia"
MUNICIPALE N.39,"Piazza Anita Garibaldi, 8",20153,Milano,Milano (MI),Lombardia,F/2743,1199250158,"Piazza Anita Garibaldi, 8, 20153 Milano, Italia"
MUNICIPALE N.36,"Via Nicolaiewka, 3",20152,Milano,Milano (MI),Lombardia,F/2744,1199250158,"Via Nicolaiewka, 3, 20152 Milano, Italia"
MUNICIPALE N.80,Piazza Zavattari ang.Murillo,20149,Milano,Milano (MI),Lombardia,F/2748,1199250158,"Piazza Zavattari ang.Murillo, 20149 Milano, Italia"
MUNICIPALE N.41,"Viale Suzzani, 239",20162,Milano,Milano (MI),Lombardia,F/2749,1199250158,"Viale Suzzani, 239, 20162 Milano, Italia"
MUNICIPALE N.49,"Via Fratelli Zanzottera, 12",20153,Milano,Milano (MI),Lombardia,F/2763,1199250158,"Via Fratelli Zanzottera, 12, 20153 Milano, Italia"
MUNICIPALE N.46,"Via Cignoli, 1",20151,Milano,Milano (MI),Lombardia,F/2767,1199250158,"Via Cignoli, 1, 20151 Milano, Italia"
MUNICIPALE N.47,"Via Foppa, 5",20121,Milano,Milano (MI),Lombardia,F/2768,1199250158,"Via Foppa, 5, 20121 Milano, Italia"
MUNICIPALE N.48,"Viale Aruzzi, 4",20100,Milano,Milano (MI),Lombardia,F/2772,1199250158,"Viale Aruzzi, 4, 20100 Milano, Italia"
MUNICIPALE N.57,"Via Del Pettirosso, 16",20147,Milano,Milano (MI),Lombardia,F/2773,1199250158,"Via Del Pettirosso, 16, 20147 Milano, Italia"
MUNICIPALE N.14,"Via Grigna, 9",20155,Milano,Milano (MI),Lombardia,F/2776,1199250158,"Via Grigna, 9, 20155 Milano, Italia"
MUNICIPALE N.58,"Via Palmanova, 67",20132,Milano,Milano (MI),Lombardia,F/2777,1199250158,"Via Palmanova, 67, 20132 Milano, Italia"
MUNICIPALE N.59,"Via Zuretti, 37",20125,Milano,Milano (MI),Lombardia,F/2778,1199250158,"Via Zuretti, 37, 20125 Milano, Italia"
LLOYD FARMACIA COMUNALE N.60,"Via D'Agrate, 1",20139,Milano,Milano (MI),Lombardia,F/2779,1199250158,"Via D'Agrate, 1, 20139 Milano, Italia"
MUNICIPALE N.61,"Via R. Bonghi, 22",20141,Milano,Milano (MI),Lombardia,F/2780,1199250158,"Via R. Bonghi, 22, 20141 Milano, Italia"
MUNICIPALE N.62,"Via Illirico, 2",20133,Milano,Milano (MI),Lombardia,F/2781,1199250158,"Via Illirico, 2, 20133 Milano, Italia"
MUNICIPALE N.63,"Via G. Murat, 5",20159,Milano,Milano (MI),Lombardia,F/2783,1199250158,"Via G. Murat, 5, 20159 Milano, Italia"
MUNICIPALE N.64,"Via Arbe, 65",20125,Milano,Milano (MI),Lombardia,F/2784,1199250158,"Via Arbe, 65, 20125 Milano, Italia"
MUNICIPALE N.65,"Via Compagnoni, 24",20129,Milano,Milano (MI),Lombardia,F/2785,1199250158,"Via Compagnoni, 24, 20129 Milano, Italia"
MUNICIPALE N.66,"Via Alcuino, 18",20149,Milano,Milano (MI),Lombardia,F/2786,1199250158,"Via Alcuino, 18, 20149 Milano, Italia"
MUNICIPALE N.67,"Via Casoretto, 1",20131,Milano,Milano (MI),Lombardia,F/2789,1199250158,"Via Casoretto, 1, 20131 Milano, Italia"
MUNICIPALE N.70,"Via Famagosta, 40",20142,Milano,Milano (MI),Lombardia,F/2791,1199250158,"Via Famagosta, 40, 20142 Milano, Italia"
MUNICIPALE N.71,"Via Battistoni Sassi, 24",20133,Milano,Milano (MI),Lombardia,F/2792,1199250158,"Via Battistoni Sassi, 24, 20133 Milano, Italia"
MUNICIPALE N.72,"Via Cucchiari, 15",20155,Milano,Milano (MI),Lombardia,F/2793,1199250158,"Via Cucchiari, 15, 20155 Milano, Italia"
MUNICIPALE N.68,Via Sacco ang. P.za De Angeli,20146,Milano,Milano (MI),Lombardia,F/2794,1199250158,"Via Sacco ang. P.za De Angeli, 20146 Milano, Italia"
MUNICIPALE N.74,"Piazza Falterona, 3",20148,Milano,Milano (MI),Lombardia,F/2797,1199250158,"Piazza Falterona, 3, 20148 Milano, Italia"
MUNICIPALE N.78,"Via Sismondi, 67",20133,Milano,Milano (MI),Lombardia,F/2804,1199250158,"Via Sismondi, 67, 20133 Milano, Italia"
MUNICIPALE N.79,"Via De Ruggero, 8",20142,Milano,Milano (MI),Lombardia,F/2805,1199250158,"Via De Ruggero, 8, 20142 Milano, Italia"
MUNICIPALE N.83,"Viale Monza, 226",20128,Milano,Milano (MI),Lombardia,F/2809,1199250158,"Viale Monza, 226, 20128 Milano, Italia"
MUNICIPALE N.84,"Via De Pretis, 1",20142,Milano,Milano (MI),Lombardia,F/2840,1199250158,"Via De Pretis, 1, 20142 Milano, Italia"
MAZZOLENI SNC,"Via Nicola Piccinni, 1/3",20131,Milano,Milano (MI),Lombardia,F/2643,1032660159,"Via Nicola Piccinni, 1/3, 20131 Milano, Italia"
ORIO SNC,"Piazza 6 Febbraio, 16",20145,Milano,Milano (MI),Lombardia,F/2688,7830220963,"Piazza 6 Febbraio, 16, 20145 Milano, Italia"
PALAZZOLO DEL DR. DANIELE OTTAVIO,"Viale Montenero, 37",20135,Milano,Milano (MI),Lombardia,F/2651,9127160969,"Viale Montenero, 37, 20135 Milano, Italia"
Giardino,"Via Calderini, 3",20123,Milano,Milano (MI),Lombardia,F/18371,774640155,"Via Calderini, 3, 20123 Milano, Italia"
COOP.FARM.DUOMO,"Via Orefici, 2",20123,Milano,Milano (MI),Lombardia,F/2612,774640155,"Via Orefici, 2, 20123 Milano, Italia"
COOP.FARM.VITTORIA,"Via Fontana 1 - Angolo C.so Porta Vittoria, 36",20122,Milano,Milano (MI),Lombardia,F/2613,774640155,"Via Fontana 1 - Angolo C.so Porta Vittoria, 36, 20122 Milano, Italia"
COOP.FARM.CANONICA,"Via Canonica, 6",20154,Milano,Milano (MI),Lombardia,F/2614,774640155,"Via Canonica, 6, 20154 Milano, Italia"
COOP.FARM.PONTACCIO,"Via Pontaccio, 22",20121,Milano,Milano (MI),Lombardia,F/2615,774640155,"Via Pontaccio, 22, 20121 Milano, Italia"
COOP.FARM.SEMPIONE,"Piazzale Sempione, 8",20154,Milano,Milano (MI),Lombardia,F/2616,774640155,"Piazzale Sempione, 8, 20154 Milano, Italia"
CASTELVETRO SNC,"Via P. Della Francesca, 38",20154,Milano,Milano (MI),Lombardia,F/2947,11973480152,"Via P. Della Francesca, 38, 20154 Milano, Italia"
CAVALLI,"Via Candiani, 122",20158,Milano,Milano (MI),Lombardia,F/2878,9629510158,"Via Candiani, 122, 20158 Milano, Italia"
COOP.FARM.MANZONI,"Via Bigli, 28 (ang.via Manzoni)",20121,Milano,Milano (MI),Lombardia,F/2617,774640155,"Via Bigli, 28 (ang.via Manzoni), 20121 Milano, Italia"
COOP.FARM.S.AGNESE,"Via Giardini Aristice Calderini, 3",20123,Milano,Milano (MI),Lombardia,F/2618,774640155,"Via Giardini Aristice Calderini, 3, 20123 Milano, Italia"
COOP.FARM.VERCELLI,"Corso Vercelli, 5",20144,Milano,Milano (MI),Lombardia,F/2619,774640155,"Corso Vercelli, 5, 20144 Milano, Italia"
COOP.FARM.LIMA,"Via Plinio, 1 ( ang.Piazza Lima)",20129,Milano,Milano (MI),Lombardia,F/2620,774640155,"Via Plinio, 1 ( ang.Piazza Lima), 20129 Milano, Italia"
COOP.FARM.BAIAMONTI,"Piazza Baiamonti, 1",20154,Milano,Milano (MI),Lombardia,F/2621,774640155,"Piazza Baiamonti, 1, 20154 Milano, Italia"
COOP.FARM.COLOMBO,"Corso Colombo, 1",20144,Milano,Milano (MI),Lombardia,F/2622,774640155,"Corso Colombo, 1, 20144 Milano, Italia"
COOP.FARM.LAMARMORA,"Via Lamarmora, 2",20122,Milano,Milano (MI),Lombardia,F/2623,774640155,"Via Lamarmora, 2, 20122 Milano, Italia"
CORDUSIO SNC,"Via Cordusio, 2",20123,Milano,Milano (MI),Lombardia,F/2922,8741670965,"Via Cordusio, 2, 20123 Milano, Italia"
CORSICO,"Corso Lodi, 19",20135,Milano,Milano (MI),Lombardia,F/2929,11650210153,"Corso Lodi, 19, 20135 Milano, Italia"
DEL MERCATO,"Via Varsavia, 4",20137,Milano,Milano (MI),Lombardia,F/2664,875580151,"Via Varsavia, 4, 20137 Milano, Italia"
DELLA CITTADELLA,"Corso P.ta Ticinese, 50",20123,Milano,Milano (MI),Lombardia,F/2659,2939320152,"Corso P.ta Ticinese, 50, 20123 Milano, Italia"
DELLE QUERCE DEL DOTT. SERGIO SPITALERI & C. SAS,"Via G. Forni, 34",20161,Milano,Milano (MI),Lombardia,F/2824,9065840960,"Via G. Forni, 34, 20161 Milano, Italia"
FALQUI,"Viale Zara, 145",20159,Milano,Milano (MI),Lombardia,F/2811,10169520151,"Viale Zara, 145, 20159 Milano, Italia"
FERRARINI SNC DI VIGANO' SOFIA & C.,"Piazza 5 Giornate, 6",20129,Milano,Milano (MI),Lombardia,F/2753,4026870966,"Piazza 5 Giornate, 6, 20129 Milano, Italia"
FIORDALISI,"Via Fiordalisi, 2",20146,Milano,Milano (MI),Lombardia,F/2827,8121600152,"Via Fiordalisi, 2, 20146 Milano, Italia"
FORLANINI,"Viale Forlanini, 50/5",20138,Milano,Milano (MI),Lombardia,F/2865,9833270151,"Viale Forlanini, 50/5, 20138 Milano, Italia"
G.DUE,"Via Falck, 19/A",20151,Milano,Milano (MI),Lombardia,F/2909,2376000960,"Via Falck, 19/A, 20151 Milano, Italia"
GABBIANI DE VECCHI ENEA,"Via della Moscova, 22",20121,Milano,Milano (MI),Lombardia,F/2686,4127060962,"Via della Moscova, 22, 20121 Milano, Italia"
GENOVA SAS,"Corso Genova, 27",20123,Milano,Milano (MI),Lombardia,F/2867,7210180969,"Corso Genova, 27, 20123 Milano, Italia"
GIAMBELLINO,"Via Giambellino ,64",20146,Milano,Milano (MI),Lombardia,F/2844,9013310157,"Via Giambellino ,64, 20146 Milano, Italia"
GRILLI SNC,"Via C. Dolci, 6",20149,Milano,Milano (MI),Lombardia,F/2892,10739420155,"Via C. Dolci, 6, 20149 Milano, Italia"
BOCCACCIO,"Via Boccaccio, 26",20123,Milano,Milano (MI),Lombardia,F/2810,4636170153,"Via Boccaccio, 26, 20123 Milano, Italia"
BRIANZA SNC,"Viale Brianza, 23",20127,Milano,Milano (MI),Lombardia,F/3016,5675450968,"Viale Brianza, 23, 20127 Milano, Italia"
BROLETTO,"Via Broletto, 30",20121,Milano,Milano (MI),Lombardia,F/2807,8043670960,"Via Broletto, 30, 20121 Milano, Italia"
CALDARINI,"Via Grossich, 11/15",20131,Milano,Milano (MI),Lombardia,F/2973,626580153,"Via Grossich, 11/15, 20131 Milano, Italia"
PAVESIO SAS,"Via Giorgio Chavez, 19",20131,Milano,Milano (MI),Lombardia,F/2837,5528980963,"Via Giorgio Chavez, 19, 20131 Milano, Italia"
LIBERTY DI MANGIMI,"Via San Paolo, 7",20121,Milano,Milano (MI),Lombardia,F/2999,1682210032,"Via San Paolo, 7, 20121 Milano, Italia"
LORETO SNC DEL DR. GRECO ANTONIO MARIA & C.,"Piazzale Loreto, 7",20131,Milano,Milano (MI),Lombardia,F/2887,10703870153,"Piazzale Loreto, 7, 20131 Milano, Italia"
SACCHI SNC DI SACCHI BERTRANDO & NOVARA ALESSANDRO,"Via Anfossi, 9",20135,Milano,Milano (MI),Lombardia,F/3015,3614190969,"Via Anfossi, 9, 20135 Milano, Italia"
SANT'AGOSTINO,"Via S. Vincenzo, 1",20123,Milano,Milano (MI),Lombardia,F/2660,8972030962,"Via S. Vincenzo, 1, 20123 Milano, Italia"
SARDEGNA S.N.C. -DR. DAVIDE MAZZOLI &C.,"Via Sardegna, 31",20146,Milano,Milano (MI),Lombardia,F/2630,5345570963,"Via Sardegna, 31, 20146 Milano, Italia"
SCHIAVIO SNC,"Via Carducci, 11",20123,Milano,Milano (MI),Lombardia,F/2649,5271460965,"Via Carducci, 11, 20123 Milano, Italia"
SCIENTIFICA,"Via C. Menotti, 18/21",20129,Milano,Milano (MI),Lombardia,F/2989,1033180157,"Via C. Menotti, 18/21, 20129 Milano, Italia"
SEGRE DELLA DR.SSA DEBORAH SEGRE,"Via Primaticcio, 217",20147,Milano,Milano (MI),Lombardia,F/2880,7475020967,"Via Primaticcio, 217, 20147 Milano, Italia"
SEMPIO DEI DR.I DANIELE SEMPIO E GIANANTONIO SEMPIO,"Via Montegani, 4",20141,Milano,Milano (MI),Lombardia,F/2700,9699540960,"Via Montegani, 4, 20141 Milano, Italia"
SOLARI,"Via Solari, 40",20144,Milano,Milano (MI),Lombardia,F/2829,7796270960,"Via Solari, 40, 20144 Milano, Italia"
SUSA SAS DR. LIBERO BUCCARELLI & C.,"Piazzale Susa, 6",20133,Milano,Milano (MI),Lombardia,F/2970,12376240151,"Piazzale Susa, 6, 20133 Milano, Italia"
TADDEI SNC DI BRUNA TADDEI & C.,"Via Airolo, 36",20159,Milano,Milano (MI),Lombardia,F/2676,8615080960,"Via Airolo, 36, 20159 Milano, Italia"
TICINESE,"Corso S. Gottardo, 1",20136,Milano,Milano (MI),Lombardia,F/2636,1660590157,"Corso S. Gottardo, 1, 20136 Milano, Italia"
TOLSTOJ DI DR. HASSAN SANDRO,"Via Leone Tolstoj, 17",20146,Milano,Milano (MI),Lombardia,F/2628,9287610969,"Via Leone Tolstoj, 17, 20146 Milano, Italia"
TONALE,"Via Tonale, 26",20125,Milano,Milano (MI),Lombardia,F/2694,3866530151,"Via Tonale, 26, 20125 Milano, Italia"
TOSCHI,"Viale Corsica, 42",20137,Milano,Milano (MI),Lombardia,F/2693,793230152,"Viale Corsica, 42, 20137 Milano, Italia"
UNGHERIA DI DE LUCA EREDI SDF,"Viale Ungheria, 10",20138,Milano,Milano (MI),Lombardia,F/2752,10635170151,"Viale Ungheria, 10, 20138 Milano, Italia"
VENTO Andreulli,"Via G. Quarenghi, 40/1",20151,Milano,Milano (MI),Lombardia,F/2899,4727500961,"Via G. Quarenghi, 40/1, 20151 Milano, Italia"
VERCESI SAS,"Via Cinque Maggio, 1",20157,Milano,Milano (MI),Lombardia,F/2877,7492520965,"Via Cinque Maggio, 1, 20157 Milano, Italia"
CATTANEO,"Via S. Gimignano, 13/A",20146,Milano,Milano (MI),Lombardia,F/2721,5665730965,"Via S. Gimignano, 13/A, 20146 Milano, Italia"
PLEBISCITI SNC,"Corso Plebisciti, 7",20129,Milano,Milano (MI),Lombardia,F/2754,5752130962,"Corso Plebisciti, 7, 20129 Milano, Italia"
PONTE NUOVO,"Via Ponte Nuovo, 40",20128,Milano,Milano (MI),Lombardia,F/2771,8598300963,"Via Ponte Nuovo, 40, 20128 Milano, Italia"
PONTE SEVESO,"Via Schiapparelli, 4",20125,Milano,Milano (MI),Lombardia,F/2599,1533800155,"Via Schiapparelli, 4, 20125 Milano, Italia"
PORTICI,"Via Lorenteggio, 22",20146,Milano,Milano (MI),Lombardia,F/2932,11702960151,"Via Lorenteggio, 22, 20146 Milano, Italia"
QT8,"Via Collecchio, 4",20148,Milano,Milano (MI),Lombardia,F/2815,7155480150,"Via Collecchio, 4, 20148 Milano, Italia"
QUAI DI QUAI ARDUINO GIOVANNI,"Via F.lli Fraschini, 8",20142,Milano,Milano (MI),Lombardia,F/3013,3610970968,"Via F.lli Fraschini, 8, 20142 Milano, Italia"
REMOTTI,"Viale Premuda, 10",20129,Milano,Milano (MI),Lombardia,F/2945,11988310154,"Viale Premuda, 10, 20129 Milano, Italia"
ROMBON,"Via Rombon, 29",20134,Milano,Milano (MI),Lombardia,F/2671,4113380150,"Via Rombon, 29, 20134 Milano, Italia"
RONDO' FARINI - MORETTI BARBARA,"Piazza Maciachini, 24",20159,Milano,Milano (MI),Lombardia,F/3007,3315190961,"Piazza Maciachini, 24, 20159 Milano, Italia"
ROSSETTO S.N.C. DR.SSA FRANCONE CRISTIANA & C.,"Piazzale Gorini, 14",20133,Milano,Milano (MI),Lombardia,F/2656,1186290159,"Piazzale Gorini, 14, 20133 Milano, Italia"
S. CAMILLO SNC,"Piazzale Martini, 3",20137,Milano,Milano (MI),Lombardia,F/2894,10767360158,"Piazzale Martini, 3, 20137 Milano, Italia"
S. LUCA - DR.SSA LIVRAGHI,"Via Carnevali, 70",20158,Milano,Milano (MI),Lombardia,F/2857,9510150155,"Via Carnevali, 70, 20158 Milano, Italia"
S. MARIA ALLA FONTANA,"Via Thaon di Revel, 12",20159,Milano,Milano (MI),Lombardia,F/2926,7617700153,"Via Thaon di Revel, 12, 20159 Milano, Italia"
CORSO VERCELLI DI CERA STEFANO,"Via Cherubini, 2",20145,Milano,Milano (MI),Lombardia,F/2823,9479870967,"Via Cherubini, 2, 20145 Milano, Italia"
CALO' DEL DR CALO' DANTE,"Piazzale Gabrio Piola, 1",20131,Milano,Milano (MI),Lombardia,F/2653,9726360960,"Piazzale Gabrio Piola, 1, 20131 Milano, Italia"
CINQUE GIORNATE SNC,"Piazza Cinque Giornate, 7",20129,Milano,Milano (MI),Lombardia,F/2606,7111920968,"Piazza Cinque Giornate, 7, 20129 Milano, Italia"
CARLO ALBERTO DEL DR. RAITERO MARCO SERGIO,"Via Mazzini, 12",20123,Milano,Milano (MI),Lombardia,F/2634,6660150969,"Via Mazzini, 12, 20123 Milano, Italia"
GRECO DI PICCARDI DOTT.NICOLA,"Viale delle Rimembranze di Greco, 40",20125,Milano,Milano (MI),Lombardia,F/2851,9180910961,"Viale delle Rimembranze di Greco, 40, 20125 Milano, Italia"
AL PORTELLO SNC DI ALBERTO PAIANI E MICAELA CLEMENTE,"Via Grosotto, 5 - angolo via Traiano",20149,Milano,Milano (MI),Lombardia,F/2938,5858450967,"Via Grosotto, 5 - angolo via Traiano, 20149 Milano, Italia"
MEDA SNC,"Via Meda, 37",20141,Milano,Milano (MI),Lombardia,F/2888,8119590969,"Via Meda, 37, 20141 Milano, Italia"
METALLA SNC,"Viale Umbria, 19",20135,Milano,Milano (MI),Lombardia,F/2914,11017670156,"Viale Umbria, 19, 20135 Milano, Italia"
MOIZIO SNC,"Corso 22 Marzo, 37",20129,Milano,Milano (MI),Lombardia,F/2906,7355590964,"Corso 22 Marzo, 37, 20129 Milano, Italia"
MONFORTE SNC,"Corso Monforte, 19",20122,Milano,Milano (MI),Lombardia,F/2910,11016490150,"Corso Monforte, 19, 20122 Milano, Italia"
MONTE NERO - DR. CRESPI,"Viale Monte Nero, 59",20135,Milano,Milano (MI),Lombardia,F/2646,3955000157,"Viale Monte Nero, 59, 20135 Milano, Italia"
LA SAPIENZA,"Via Antonini, 56",20141,Milano,Milano (MI),Lombardia,F/2691,2942570124,"Via Antonini, 56, 20141 Milano, Italia"
MUNICIPALE N.44,"Piazza Scolari, 3",20151,Milano,Milano (MI),Lombardia,F/2675,1199250158,"Piazza Scolari, 3, 20151 Milano, Italia"
MUNICIPALE N.42,"Via Barzilai, 2",20146,Milano,Milano (MI),Lombardia,F/2677,1199250158,"Via Barzilai, 2, 20146 Milano, Italia"
MUNICIPALE N.18,"Via Alex Visconti, 22/A",20151,Milano,Milano (MI),Lombardia,F/2682,1199250158,"Via Alex Visconti, 22/A, 20151 Milano, Italia"
MUNICIPALE N.45,"Via Delle Betulle, 36/C",20152,Milano,Milano (MI),Lombardia,F/2702,1199250158,"Via Delle Betulle, 36/C, 20152 Milano, Italia"
MUNICIPALE N.4,"Via Volvinio, 25",20141,Milano,Milano (MI),Lombardia,F/2708,1199250158,"Via Volvinio, 25, 20141 Milano, Italia"
MUNICIPALE N.5,"Via Bagarotti, 40",20152,Milano,Milano (MI),Lombardia,F/2709,1199250158,"Via Bagarotti, 40, 20152 Milano, Italia"
MUNICIPALE N.6,"Piazza Monti, 9",20153,Milano,Milano (MI),Lombardia,F/2710,1199250158,"Piazza Monti, 9, 20153 Milano, Italia"
MUNICIPALE N.7,"Via Forze Armate, 328",20152,Milano,Milano (MI),Lombardia,F/2711,1199250158,"Via Forze Armate, 328, 20152 Milano, Italia"
MUNICIPALE N.11,"Via Livigno, 6/B",20158,Milano,Milano (MI),Lombardia,F/2712,1199250158,"Via Livigno, 6/B, 20158 Milano, Italia"
STAZIONE PORTA GENOVA SAS,"Via Vigevano, 45",20144,Milano,Milano (MI),Lombardia,F/3019,3759300969,"Via Vigevano, 45, 20144 Milano, Italia"
ITALO INGLESE SNC,"Via E. Lussu, 4",20128,Milano,Milano (MI),Lombardia,F/2884,9617280152,"Via E. Lussu, 4, 20128 Milano, Italia"
SOCIALE - DR. BERRA,"Viale Monza, 126",20127,Milano,Milano (MI),Lombardia,F/2831,8397670152,"Viale Monza, 126, 20127 Milano, Italia"
PIMPINELLI,"Via Aldini, 108",20157,Milano,Milano (MI),Lombardia,F/2604,3709730968,"Via Aldini, 108, 20157 Milano, Italia"
AFFORI DI DOTT. SPAGGIARI LUIGI WAIFER & C SAS,"Via Zanoli, 3",20161,Milano,Milano (MI),Lombardia,F/2836,5513770965,"Via Zanoli, 3, 20161 Milano, Italia"
OLONA SNC,"Viale Coni Zugna, 43",20144,Milano,Milano (MI),Lombardia,F/2939,7639340962,"Viale Coni Zugna, 43, 20144 Milano, Italia"
NAZIONALE DR. BOGHI ALESSANDRO,"Corso Colombo, 6",20144,Milano,Milano (MI),Lombardia,F/2826,3616430132,"Corso Colombo, 6, 20144 Milano, Italia"
VIALBA,"VIA ARSIA, 152",20157,Milano,Milano (MI),Lombardia,F/2674,1218860151,"VIA ARSIA, 152, 20157 Milano, Italia"
S. SPIRITO SNC DI DONATI MARIA LUISA E ALBERTOCCHI ROBERTO,"Viale Monza, 325",20126,Milano,Milano (MI),Lombardia,F/2876,5989380968,"Viale Monza, 325, 20126 Milano, Italia"
ORNATO,"Via Ornato, 13/A",20162,Milano,Milano (MI),Lombardia,F/2669,6075690153,"Via Ornato, 13/A, 20162 Milano, Italia"
MELCHIORRE GIOIA,"Via Melchiorre Gioia, 135",20125,Milano,Milano (MI),Lombardia,F/2701,5248820960,"Via Melchiorre Gioia, 135, 20125 Milano, Italia"
INTERNAZIONALE,"Via C. Matteucci, 4",20129,Milano,Milano (MI),Lombardia,F/2848,7144180960,"Via C. Matteucci, 4, 20129 Milano, Italia"
GALILEO SNC,"Via Viviani, 2",20124,Milano,Milano (MI),Lombardia,F/2930,11632930159,"Via Viviani, 2, 20124 Milano, Italia"
COMOTTI,"Piazza Cavour, 5",20121,Milano,Milano (MI),Lombardia,F/2610,259480150,"Piazza Cavour, 5, 20121 Milano, Italia"
MONTEGANI SNC,"Via Barrili, 20",20141,Milano,Milano (MI),Lombardia,F/2782,5133410968,"Via Barrili, 20, 20141 Milano, Italia"
FARMACEUTICA BRAMANTE,"Via Pacini, 30",20131,Milano,Milano (MI),Lombardia,F/2603,1032620153,"Via Pacini, 30, 20131 Milano, Italia"
OLMI SNC,"Via Delle Betulle, 10",20152,Milano,Milano (MI),Lombardia,F/2967,8716030963,"Via Delle Betulle, 10, 20152 Milano, Italia"
MALUGANI SAS DR. GASTALDI GIANCARLO & C.,"Via Predabissi, 2",20131,Milano,Milano (MI),Lombardia,F/2849,5528970964,"Via Predabissi, 2, 20131 Milano, Italia"
"Farmacia Giulio Cesare S.n.c. Dei Dr. Roberto, Gabriele E Francesca Marzani","Via Monte Rosa, 27",20149,Milano,Milano (MI),Lombardia,F/2635,10107480963,"Via Monte Rosa, 27, 20149 Milano, Italia"
PONTE VITTORIA SNC DR.SSA LOJERCIO ORIETTA & C.,"Via Visconti Di Modrone, 1",20122,Milano,Milano (MI),Lombardia,F/2654,4900610967,"Via Visconti Di Modrone, 1, 20122 Milano, Italia"
MISSORI SNC,"Piazza Missori, 3",20123,Milano,Milano (MI),Lombardia,F/2952,12263860152,"Piazza Missori, 3, 20123 Milano, Italia"
EUROPA SAS DEL DR. MARIO DE CONCA & C.,"Viale Monza, 177",20126,Milano,Milano (MI),Lombardia,F/2960,12507350150,"Viale Monza, 177, 20126 Milano, Italia"
MACCIONI SNC DI PATRIZIA MACCIONI E CATIA MACCIONI,"Via Lepontina, 13",20159,Milano,Milano (MI),Lombardia,F/2994,13148090155,"Via Lepontina, 13, 20159 Milano, Italia"
VENTRINI SNC DR.I BADO' BRUNO & C.,"Corso XXII Marzo, 23",20129,Milano,Milano (MI),Lombardia,F/2692,5046640966,"Corso XXII Marzo, 23, 20129 Milano, Italia"
LAMPUGNANO,"Via Natta, 20",20151,Milano,Milano (MI),Lombardia,F/2832,8299490154,"Via Natta, 20, 20151 Milano, Italia"
DEL GARIBALDI,"Corso Garibaldi, 83",20121,Milano,Milano (MI),Lombardia,F/2853,8958070156,"Corso Garibaldi, 83, 20121 Milano, Italia"
MONTE ROSA SNC,"Via Pagliano, 1/A",20149,Milano,Milano (MI),Lombardia,F/2953,7601070969,"Via Pagliano, 1/A, 20149 Milano, Italia"
CERINI,"Via A. Saffi, 6",20123,Milano,Milano (MI),Lombardia,F/2608,7734420966,"Via A. Saffi, 6, 20123 Milano, Italia"
RIPAMONTI,"Via Ripamonti, 15",20136,Milano,Milano (MI),Lombardia,F/2917,12020110156,"Via Ripamonti, 15, 20136 Milano, Italia"
Farmacia Certosa S.a.s.,"Viale Certosa, 121",20151,Milano,Milano (MI),Lombardia,F/2891,10704850154,"Viale Certosa, 121, 20151 Milano, Italia"
LA PIAZZETTA DOTTORI VAZZANA FRANCESCA MANUELA & SALVATORE FOTI SNC,"Via Sabatino Lopez, 3",20157,Milano,Milano (MI),Lombardia,F/3000,13475660158,"Via Sabatino Lopez, 3, 20157 Milano, Italia"
S. PAOLO SAS,"Via Pordenone, 1",20132,Milano,Milano (MI),Lombardia,F/2997,13367530154,"Via Pordenone, 1, 20132 Milano, Italia"
SALVI,"Via S. Marco, 18",20121,Milano,Milano (MI),Lombardia,F/2657,2849140153,"Via S. Marco, 18, 20121 Milano, Italia"
LAGHI,"Viale Certosa, 282",20156,Milano,Milano (MI),Lombardia,F/2874,10224840156,"Viale Certosa, 282, 20156 Milano, Italia"
SAN LUIGI SNC,"Corso Lodi, 62",20139,Milano,Milano (MI),Lombardia,F/2885,4546580962,"Corso Lodi, 62, 20139 Milano, Italia"
UMBRIA S.A.S.,"Viale Umbria, 109",20135,Milano,Milano (MI),Lombardia,F/2873,4622770966,"Viale Umbria, 109, 20135 Milano, Italia"
BALDINI SNC,"Corso Buenos Aires, 39",20124,Milano,Milano (MI),Lombardia,F/2663,6161300964,"Corso Buenos Aires, 39, 20124 Milano, Italia"
AMORETTI SNC DI CRUPI NICOLA E C. SNC,"Viale Espinasse, 30",20156,Milano,Milano (MI),Lombardia,F/2730,6469250960,"Viale Espinasse, 30, 20156 Milano, Italia"
RAIMONDI SNC,"Largo La Foppa, 1",20121,Milano,Milano (MI),Lombardia,F/2846,5752140961,"Largo La Foppa, 1, 20121 Milano, Italia"
CONFALONIERI SNC DEL DOR. CONFALONIERI FEDERICO,"Viale Monza, 63",20125,Milano,Milano (MI),Lombardia,F/2795,8830300961,"Viale Monza, 63, 20125 Milano, Italia"
TIBALDI SNC DI LAVAGNI PAOLA E DA RIVA LUCA CESARE,"Via Tibaldi, 15",20136,Milano,Milano (MI),Lombardia,F/2858,9089540968,"Via Tibaldi, 15, 20136 Milano, Italia"
S. CELSO,"Via Crocefisso, 1",20122,Milano,Milano (MI),Lombardia,F/2902,10992670157,"Via Crocefisso, 1, 20122 Milano, Italia"
EREDI CATALUCCI snc,"Via Ripa Ticinese, 99",20143,Milano,Milano (MI),Lombardia,F/2965,12041830154,"Via Ripa Ticinese, 99, 20143 Milano, Italia"
HUMANITAS DI TOSELLI GIAMPIERO & C. SNC,"Via Melchiorre Gioia, 43",20124,Milano,Milano (MI),Lombardia,F/2695,12588160155,"Via Melchiorre Gioia, 43, 20124 Milano, Italia"
HUMANITAS SNC,"Via F. Filzi, 10",20124,Milano,Milano (MI),Lombardia,F/2959,12588160155,"Via F. Filzi, 10, 20124 Milano, Italia"
ARGONNE SAS DEL DR. MAZZANTINI MASSIMO & C.,"Via Masotto, 1",20133,Milano,Milano (MI),Lombardia,F/2798,7117510961,"Via Masotto, 1, 20133 Milano, Italia"
DEL CARMINE,"Via Mercato, 1",20121,Milano,Milano (MI),Lombardia,F/2835,4394790879,"Via Mercato, 1, 20121 Milano, Italia"
PICCHIOTTI,"Viale Affori, 10",20161,Milano,Milano (MI),Lombardia,F/2652,427210158,"Viale Affori, 10, 20161 Milano, Italia"
CASTELMORRONE - DR. ROTTEGLIA,"Via Castelmorrone, 6",20129,Milano,Milano (MI),Lombardia,F/2690,4226820159,"Via Castelmorrone, 6, 20129 Milano, Italia"
FARINI SAS DR.SSA TRAVIERSO ANTONIETTA & C.,"Via Arnaldo da Brescia, 1",20159,Milano,Milano (MI),Lombardia,F/2948,5488940965,"Via Arnaldo da Brescia, 1, 20159 Milano, Italia"
FORMAGGIA SNC DR. TRAVIERSO NICOLA & C.,"Corso Buenos Aires, 4",20124,Milano,Milano (MI),Lombardia,F/2954,5525360961,"Corso Buenos Aires, 4, 20124 Milano, Italia"
ITALIA SNC,"Corso Indipendenza, 14",20129,Milano,Milano (MI),Lombardia,F/2908,10843300152,"Corso Indipendenza, 14, 20129 Milano, Italia"
CARLETTI SAS,"Via Mac Mahon, 111",20155,Milano,Milano (MI),Lombardia,F/2915,11017700151,"Via Mac Mahon, 111, 20155 Milano, Italia"
INTERNAZIONALE BOLIVAR,"Piazza Bolivar, 11",20146,Milano,Milano (MI),Lombardia,F/2904,11022640152,"Piazza Bolivar, 11, 20146 Milano, Italia"
ARCHINTO,"Piazzale Archinto, 1",20159,Milano,Milano (MI),Lombardia,F/2916,11174900156,"Piazzale Archinto, 1, 20159 Milano, Italia"
COMASINA SAS,"Piazza Gasparri, 9",20161,Milano,Milano (MI),Lombardia,F/2919,6579460962,"Piazza Gasparri, 9, 20161 Milano, Italia"
Omero,"Via Nicolò Barabino, 3",20139,Milano,Milano (MI),Lombardia,F/2941,11963310153,"Via Nicolò Barabino, 3, 20139 Milano, Italia"
TURRO,"Via Padova, 109",20127,Milano,Milano (MI),Lombardia,F/2942,11963650152,"Via Padova, 109, 20127 Milano, Italia"
S. MARIA NASCENTE SNC,"Via Pergine, 2",20148,Milano,Milano (MI),Lombardia,F/2984,12827200150,"Via Pergine, 2, 20148 Milano, Italia"
SMERALDO SNC,"Viale Monte Grappa, 7",20124,Milano,Milano (MI),Lombardia,F/2978,13057020151,"Viale Monte Grappa, 7, 20124 Milano, Italia"
CASARSA SNC DR.SSA STAFUZZA LUCIANA,"Via Casarsa, 13",20161,Milano,Milano (MI),Lombardia,F/2808,5322110965,"Via Casarsa, 13, 20161 Milano, Italia"
LORENTEGGIO SNC,"Via Lorenteggio, 208",20147,Milano,Milano (MI),Lombardia,F/2820,13457600156,"Via Lorenteggio, 208, 20147 Milano, Italia"
VITRUVIO SNC,"Via Vitruvio, 39",20124,Milano,Milano (MI),Lombardia,F/2961,7514450969,"Via Vitruvio, 39, 20124 Milano, Italia"
CALATAFIMI SAS DR. ZANETTI ANDREA & C.,"Piazzale di Porta Lodovica, 2",20136,Milano,Milano (MI),Lombardia,F/2605,5707780960,"Piazzale di Porta Lodovica, 2, 20136 Milano, Italia"
ANTICA FARMACIA DI BRERA SAS DEL DR. STEFANO DANIESI & C.,"Via Fiori Oscuri, 13",20121,Milano,Milano (MI),Lombardia,F/2981,5824090962,"Via Fiori Oscuri, 13, 20121 Milano, Italia"
PRIMATICCIO 96,"Via Primaticcio, 96",20147,Milano,Milano (MI),Lombardia,F/2881,6327200967,"Via Primaticcio, 96, 20147 Milano, Italia"
WASHINGTON SNC,"Via Etna, 2",20146,Milano,Milano (MI),Lombardia,F/2893,6393130965,"Via Etna, 2, 20146 Milano, Italia"
ROCCHI,"Via Alamanni, 2",20141,Milano,Milano (MI),Lombardia,F/2655,7646670963,"Via Alamanni, 2, 20141 Milano, Italia"
REMBRANDT,"Via Rembrandt, 49",20148,Milano,Milano (MI),Lombardia,F/2822,7666090159,"Via Rembrandt, 49, 20148 Milano, Italia"
ANTICA FARMACIA DELL'ABBAZIA DI CHIARAVALLE SNC,"Via Comacchio, 4",20139,Milano,Milano (MI),Lombardia,F/2596,7712200968,"Via Comacchio, 4, 20139 Milano, Italia"
LODI SNC,"Corso Lodi, 5",20135,Milano,Milano (MI),Lombardia,F/2860,7765250969,"Corso Lodi, 5, 20135 Milano, Italia"
S. GIORGIO,"Via Torino, 48",20123,Milano,Milano (MI),Lombardia,F/2921,11395060152,"Via Torino, 48, 20123 Milano, Italia"
SELINUNTE SAS,"Piazza Selinunte, 4",20148,Milano,Milano (MI),Lombardia,F/2987,8794770969,"Piazza Selinunte, 4, 20148 Milano, Italia"
DELLA RIPA,"Ripa Ticinese, 33",20143,Milano,Milano (MI),Lombardia,F/2825,2061270167,"Ripa Ticinese, 33, 20143 Milano, Italia"
PIAVE,"Via Bellotti, 1",20129,Milano,Milano (MI),Lombardia,F/2637,3955010156,"Via Bellotti, 1, 20129 Milano, Italia"
CONSORZIO FARMASUD,"Via Vittor Pisani, 12",20123,Milano,Milano (MI),Lombardia,F/18990,8874020962,"Via Vittor Pisani, 12, 20123 Milano, Italia"
AMEDEO SAS,"Via G.A. Amadeo, 40",20133,Milano,Milano (MI),Lombardia,F/2896,8906970960,"Via G.A. Amadeo, 40, 20133 Milano, Italia"
MINERVA SNC DR. SERGENT MARCEAU LUDOVICO & C.,"Via Crema, 17",20135,Milano,Milano (MI),Lombardia,F/2647,8923090966,"Via Crema, 17, 20135 Milano, Italia"
REALE DI AGAPE ALBERTO,"Via Larga, 16",20122,Milano,Milano (MI),Lombardia,F/2998,9517590965,"Via Larga, 16, 20122 Milano, Italia"
TADINI,"Piazza Tricolore, 2",20142,Milano,Milano (MI),Lombardia,F/2859,9549510155,"Piazza Tricolore, 2, 20142 Milano, Italia"
FARMACIA SANTA CATERINA SRL,"Viale Caterina Da Forli', 7",20146,Milano,Milano (MI),Lombardia,F/2889,11320830968,"Viale Caterina Da Forli', 7, 20146 Milano, Italia"
FARMACIA LEGNANI SRL,"Via RASORI, 2",20145,Milano,Milano (MI),Lombardia,F/2993,11313560960,"Via RASORI, 2, 20145 Milano, Italia"
FARMACIA PENNAGLIA SAS DELLA DOTT.SSA ANNA MARIA PENNAGLIA,"Via Monte Palombino, 9",20138,Milano,Milano (MI),Lombardia,F/2632,10579760967,"Via Monte Palombino, 9, 20138 Milano, Italia"
CADORE,"Via Cadore, 29",20135,Milano,Milano (MI),Lombardia,F/2988,12349690151,"Via Cadore, 29, 20135 Milano, Italia"
MAC MAHON,"Via Principe Eugenio, 19",20155,Milano,Milano (MI),Lombardia,F/3018,11028410964,"Via Principe Eugenio, 19, 20155 Milano, Italia"
FARMACIA MONCUCCO S.N.C. DEI DOTTORI ROCCO FREZZA E MARIA FREZZA,"Via RIMINI, 29",20142,Milano,Milano (MI),Lombardia,F/3005,5653610963,"Via RIMINI, 29, 20142 Milano, Italia"
SEMPIONE DI GHEZA & C. SNC,"Corso Sempione, 5",20145,Milano,Milano (MI),Lombardia,F/2879,2879,"Corso Sempione, 5, 20145 Milano, Italia"
LAMBRATE S.R.L.,"Via Pacini, 70",20131,Milano,Milano (MI),Lombardia,F/2949,10991560961,"Via Pacini, 70, 20131 Milano, Italia"
S. MARTINO,"Viale Rimembranze M Lambrate, 18",20134,Milano,Milano (MI),Lombardia,F/2850,11141010964,"Viale Rimembranze M Lambrate, 18, 20134 Milano, Italia"
GLORIA SRL - FARMACIA FASOLIS,"Via Celentano, 1 - Ang. Via Padova, 194",20132,Milano,Milano (MI),Lombardia,F/2665,4582870962,"Via Celentano, 1 - Ang. Via Padova, 194, 20132 Milano, Italia"
GLORIA SRL - FARMACIA FOGLIA,"Via S. Calimero, 1-Ang. C.so P.ta Romana",20122,Milano,Milano (MI),Lombardia,F/2957,4582870962,"Via S. Calimero, 1-Ang. C.so P.ta Romana, 20122 Milano, Italia"
DEL GENTILINO SRL,"Via Lagrange, 2",20136,Milano,Milano (MI),Lombardia,F/2633,6819600963,"Via Lagrange, 2, 20136 Milano, Italia"
FARMACIA TRIVULZIO,"Via TRIVULZIO, 28",20147,Milano,Milano (MI),Lombardia,F/2900,10889380159,"Via TRIVULZIO, 28, 20147 Milano, Italia"
DEL NAVIGLIO SRL,"Via CARLO TROYA, 11",20144,Milano,Milano (MI),Lombardia,F/2969,10878880961,"Via CARLO TROYA, 11, 20144 Milano, Italia"
farmacia rubattino sas,"Via R.Pitteri, 93",20134,Milano,Milano (MI),Lombardia,F/2943,10343180963,"Via R.Pitteri, 93, 20134 Milano, Italia"
FARMACIA CENISIO srl,"Via S. Galdino, 11",20154,Milano,Milano (MI),Lombardia,F/2607,11469180969,"Via S. Galdino, 11, 20154 Milano, Italia"
FARMACIA MELOZZO DA FORLI' DEI DOTTORI LEARCO E MARCELLO SANDI & C.,"Via NOVARA, 3",20147,Milano,Milano (MI),Lombardia,F/2648,11060720965,"Via NOVARA, 3, 20147 Milano, Italia"
CA' GRANDA,"Via M. De Angelis, 15",20162,Milano,Milano (MI),Lombardia,F/3009,11485280967,"Via M. De Angelis, 15, 20162 Milano, Italia"
FARMACIA SAN GUIDO - DR.SSA SILVANA TOSCHI,"Viale ESPINASSE CARLO, 172",20156,Milano,Milano (MI),Lombardia,F/2972,13056950150,"Viale ESPINASSE CARLO, 172, 20156 Milano, Italia"
BIAZZI sas,"Via Giambellino, 131/5",20147,Milano,Milano (MI),Lombardia,F/2842,11442380967,"Via Giambellino, 131/5, 20147 Milano, Italia"
AMBRECK S.R.L.,"Via Stradivari, 1",20131,Milano,Milano (MI),Lombardia,F/2625,10957030967,"Via Stradivari, 1, 20131 Milano, Italia"
FARMACIA ANGOLO DELLA SALUTE S.R.L.,"Via PAOLO SARPI, 53",20154,Milano,Milano (MI),Lombardia,F/2935,6312070961,"Via PAOLO SARPI, 53, 20154 Milano, Italia"
FARMACIA LESSONA DR. COSCO ANTONIO,"Via Via GAZZOLETTI, 3",20157,Milano,Milano (MI),Lombardia,F/3006,3318210964,"Via Via GAZZOLETTI, 3, 20157 Milano, Italia"
Firenze S.R.L.,"Via Ruggero di Lauria, 22",20149,Milano,Milano (MI),Lombardia,F/2640,10560170960,"Via Ruggero di Lauria, 22, 20149 Milano, Italia"
FARMACIA IMPERIA SNC DI MANELLI ALESSANDRA,"Via La Spezia, 20",20142,Milano,Milano (MI),Lombardia,F/2979,8271020961,"Via La Spezia, 20, 20142 Milano, Italia"
Sigra S.r.l.,"Via Vitruvio, 11",20124,Milano,Milano (MI),Lombardia,F/2924,10132730960,"Via Vitruvio, 11, 20124 Milano, Italia"
S. Gottardo,"Via Pavia, 1",20136,Milano,Milano (MI),Lombardia,F/2843,9006400155,"Via Pavia, 1, 20136 Milano, Italia"
Farmacia Manca S.n.c. Del Dr. Marco Manca & C.,"Via Giacinto Serrati, 12",20138,Milano,Milano (MI),Lombardia,F/2991,13266660151,"Via Giacinto Serrati, 12, 20138 Milano, Italia"
Farmacia Padova Di Talpini Dr. Fabio,"Via Atene, 2",20132,Milano,Milano (MI),Lombardia,F/2968,12662920151,"Via Atene, 2, 20132 Milano, Italia"
FARMACIA DE POLI SAS-DR.SSA MARIACHIARA DE POLI & C.,"Viale Lombardia, 65",20131,Milano,Milano (MI),Lombardia,F/2955,10320280968,"Viale Lombardia, 65, 20131 Milano, Italia"
FARMACIA COLONNE DI SAN LORENZO MILANO DELLA DR.SSA STRAZIOTA CATERINA & C. SNC,"Corso Di Porta Ticinese, 24",20123,Milano,Milano (MI),Lombardia,F/2983,10823840961,"Corso Di Porta Ticinese, 24, 20123 Milano, Italia"
BRACCIO SRL,"Galleria Felice Casati, 32",20124,Milano,Milano (MI),Lombardia,F/2911,11015890152,"Galleria Felice Casati, 32, 20124 Milano, Italia"
FARMACIA NIGUARDA S.R.L.,"Via Monterotondo, 1",20162,Milano,Milano (MI),Lombardia,F/2761,5381520963,"Via Monterotondo, 1, 20162 Milano, Italia"
FARMACIA MODIANO CLARA S.A.S. DEL DR. PAGLIANO MAURIZIO MARIA & C.,"Piazza STUPARICH, 4",20148,Milano,Milano (MI),Lombardia,F/2897,10543370968,"Piazza STUPARICH, 4, 20148 Milano, Italia"
FARMACIA DI BARNI MARZIO,"Via Via FRATELLI LUMIERE, 2",20127,Milano,Milano (MI),Lombardia,F/2725,5322260968,"Via Via FRATELLI LUMIERE, 2, 20127 Milano, Italia"
Farmacia Bovisasca S.r.l.,"Via Bovisasca, 173",20157,Milano,Milano (MI),Lombardia,F/2834,10123240961,"Via Bovisasca, 173, 20157 Milano, Italia"
Farmacia Fiduciaria Milano 1907 S.r.l.,"Piazza Caiazzo, 2",20124,Milano,Milano (MI),Lombardia,F/2895,10142390961,"Piazza Caiazzo, 2, 20124 Milano, Italia"
Farmacia Centrale S.n.c. Della Dott.ssa Maria Cristina Lugli,"Via Spadari, 13",20123,Milano,Milano (MI),Lombardia,F/2992,13261480159,"Via Spadari, 13, 20123 Milano, Italia"
Farmacia Beato Angelico - S.r.l.,"Piazza Guardi, 15",20133,Milano,Milano (MI),Lombardia,F/2862,10146710966,"Piazza Guardi, 15, 20133 Milano, Italia"
FARMACIA VAL DI SOLE DELLA DOTT.SSA TOSELLI ELENA,"Via Val di Sole, 22",20141,Milano,Milano (MI),Lombardia,F/3002,1663790184,"Via Val di Sole, 22, 20141 Milano, Italia"
SAN BABILA FARMA S.R.L.,"Via della Spiga, 2",20121,Milano,Milano (MI),Lombardia,F/2883,10393660963,"Via della Spiga, 2, 20121 Milano, Italia"
FARMACIA S. GIOVANNI SNC DELLA DR.SSA CANETTI CESARINA E C.,"Via Pola, 13",20124,Milano,Milano (MI),Lombardia,F/2670,5273210962,"Via Pola, 13, 20124 Milano, Italia"
Dinamica sas,"Via L. il Moro, 3",20143,Milano,Milano (MI),Lombardia,F/2937,11209770962,"Via L. il Moro, 3, 20143 Milano, Italia"
FARMACIA BERTOLINI SAS DELLA DOTT.SSA BERTOLINI ISABELLA,"Via Saponaro, 34",20142,Milano,Milano (MI),Lombardia,F/2679,12238550961,"Via Saponaro, 34, 20142 Milano, Italia"
S.Antonio snc,"Via Pellegrino Rossi, 44",20161,Milano,Milano (MI),Lombardia,F/3014,3626410967,"Via Pellegrino Rossi, 44, 20161 Milano, Italia"
FARMACIA AMBROSIANA S.N.C. DEL DR. SLAVIERO GIOVANNI & C.,"Viale Regina Giovanna, 42",20129,Milano,Milano (MI),Lombardia,F/2817,12673910969,"Viale Regina Giovanna, 42, 20129 Milano, Italia"
FARMACIA MONTE SANTO S.R.L.,"Piazzale Principessa Clotilde, 8",20124,Milano,Milano (MI),Lombardia,F/2933,10561900969,"Piazzale Principessa Clotilde, 8, 20124 Milano, Italia"
Farmacia Viale Romagna srl,"Viale Romagna, 25",20133,Milano,Milano (MI),Lombardia,F/2662,7207710968,"Viale Romagna, 25, 20133 Milano, Italia"
DELLA TORRETTA SAS DI MONICA ROCCHI E C.,"Largo Promessi Sposi, 4",20142,Milano,Milano (MI),Lombardia,F/2956,11510970962,"Largo Promessi Sposi, 4, 20142 Milano, Italia"
PISANI 26 SAS DEL DR. POLVER ANGELO,"Via Vittor Pisani, 26",20124,Milano,Milano (MI),Lombardia,F/2641,12659860964,"Via Vittor Pisani, 26, 20124 Milano, Italia"
BANDI,"Via Rovereto, 14 Ang. Viale Monza",20127,Milano,Milano (MI),Lombardia,F/2907,12444410968,"Via Rovereto, 14 Ang. Viale Monza, 20127 Milano, Italia"
FARMACIA CHIESA ROSSA SAS DI NORBERTO LUMINI & C,"Via Medeghino, 27",20141,Milano,Milano (MI),Lombardia,F/2920,11077810965,"Via Medeghino, 27, 20141 Milano, Italia"
FARMACIA CASSIODORO SRL,"Viale Cassiodoro, 12",20100,Milano,Milano (MI),Lombardia,F/2855,2330410982,"Viale Cassiodoro, 12, 20100 Milano, Italia"
farmacia del corso srl unipersonale,"Corso Genova, 23",20123,Milano,Milano (MI),Lombardia,F/2975,10945450962,"Corso Genova, 23, 20123 Milano, Italia"
Farmacia Vigentino srl,"Via Ripamonti, 108",20141,Milano,Milano (MI),Lombardia,F/2806,12453830965,"Via Ripamonti, 108, 20141 Milano, Italia"
FARMACIA FUSCO SAS DI MONTAGNANI -MARELLI DOTT.ROSSELLA &C.,"Via GIANBATTISTA BODONI, 19",20155,Milano,Milano (MI),Lombardia,F/2872,12657150962,"Via GIANBATTISTA BODONI, 19, 20155 Milano, Italia"
Farmacia Sanitas SAS,"Corso Garibadi, 49",20121,Milano,Milano (MI),Lombardia,F/2658,10572440963,"Corso Garibadi, 49, 20121 Milano, Italia"
FARMACIA BLIGNY SAS DEL DR. GIOVANNI BRAMBILLA,"Viale Bligny, 23/A",20136,Milano,Milano (MI),Lombardia,F/2925,12629830964,"Viale Bligny, 23/A, 20136 Milano, Italia"
Farmacia Comina Srl,"Via Delle Ande, 5",20151,Milano,Milano (MI),Lombardia,F/2821,5905960968,"Via Delle Ande, 5, 20151 Milano, Italia"
dott.ssa daniela mattalia,"Piazza washington, 98",20146,Milano,Milano (MI),Lombardia,F/2644,12618270966,"Piazza washington, 98, 20146 Milano, Italia"
MONTAGNA SNC,"Viale Tibaldi, 50",20136,Milano,Milano (MI),Lombardia,F/2852,11071770967,"Viale Tibaldi, 50, 20136 Milano, Italia"
FARMACIA BERTA SRL,"Viale Monza, 43/B",20127,Milano,Milano (MI),Lombardia,F/2602,7087680968,"Viale Monza, 43/B, 20127 Milano, Italia"
FARMACIA WAGNER S.R.L.,"Via Buonarroti, 5",20149,Milano,Milano (MI),Lombardia,F/2600,8844420961,"Via Buonarroti, 5, 20149 Milano, Italia"
FARMACIA MADIA SAS DEL DR. MADIA DARIO,"Viale Zara, 38",20124,Milano,Milano (MI),Lombardia,F/2854,12139450964,"Viale Zara, 38, 20124 Milano, Italia"
Del parco srl,"Via Angelo Rizzoli, 47",20132,Milano,Milano (MI),Lombardia,F/3008,10912580965,"Via Angelo Rizzoli, 47, 20132 Milano, Italia"
FARMACIA CANEVA SRL,"Piazza CANEVA, 3",20154,Milano,Milano (MI),Lombardia,F/2698,12113350966,"Piazza CANEVA, 3, 20154 Milano, Italia"
FARMACIA OVIDIO S.N.C. DI GEROSA CLAUDIO E CHIARA,"Via Toscolano, 1",20138,Milano,Milano (MI),Lombardia,F/2980,13118020158,"Via Toscolano, 1, 20138 Milano, Italia"
Farmacia Palmanova sas dr.ssa Barbara Gallo & co.,"Piazza Udine, 8",20132,Milano,Milano (MI),Lombardia,F/2705,10863810965,"Piazza Udine, 8, 20132 Milano, Italia"
FARMACIA NUOVA INGANNI SNC,"Via Inganni, 70",20147,Milano,Milano (MI),Lombardia,F/2923,3926990965,"Via Inganni, 70, 20147 Milano, Italia"
FARMACIA TOMMASEO S.R.L.,"Via Mascheroni, 16",20145,Milano,Milano (MI),Lombardia,F/2944,6384400963,"Via Mascheroni, 16, 20145 Milano, Italia"
FARMACIA AL PONTE S.A.S. DEL DR. FRIGERIO GUIDO E C.,"Piazza Costantino, 1",20128,Milano,Milano (MI),Lombardia,F/2890,11795440962,"Piazza Costantino, 1, 20128 Milano, Italia"
MUNICIPALE N.22,"Via Fratelli Zoia, 43",20134,Milano,Milano (MI),Lombardia,F/2718,13195220150,"Via Fratelli Zoia, 43, 20134 Milano, Italia"
MUNICIPALE N.23,"Via Lomellina ang. Via Monte Suello, 1",20133,Milano,Milano (MI),Lombardia,F/2719,13195220150,"Via Lomellina ang. Via Monte Suello, 1, 20133 Milano, Italia"
LloydsFarmacia Milano n. 26,"Via Pascarella, 22",20157,Milano,Milano (MI),Lombardia,F/2724,13195220150,"Via Pascarella, 22, 20157 Milano, Italia"
LloydsFarmacia Milano n. 32,"Via Pellini, 1",20125,Milano,Milano (MI),Lombardia,F/2738,13195220150,"Via Pellini, 1, 20125 Milano, Italia"
LloydsFarmacia Milano n. 30,"Via Pizzolpasso, 5",20138,Milano,Milano (MI),Lombardia,F/2739,13195220150,"Via Pizzolpasso, 5, 20138 Milano, Italia"
LloydsFarmacia Milano n. 21,"Via Gian Rinaldo Carli, 14",20161,Milano,Milano (MI),Lombardia,F/2740,13195220150,"Via Gian Rinaldo Carli, 14, 20161 Milano, Italia"
COMUNALE N.38,"Via Saponaro, 2/C",20142,Milano,Milano (MI),Lombardia,F/2741,13195220150,"Via Saponaro, 2/C, 20142 Milano, Italia"
MUNICIPALE N.9,"Via Mecenate, 25",20138,Milano,Milano (MI),Lombardia,F/2745,13195220150,"Via Mecenate, 25, 20138 Milano, Italia"
LloydsFarmacia Milano n.40,"Via della Chiesa Rossa, 95",20142,Milano,Milano (MI),Lombardia,F/2747,13195220150,"Via della Chiesa Rossa, 95, 20142 Milano, Italia"
LloydsFarmacia Milano n. 27,"Piazza Imperatore Tito, 8",20137,Milano,Milano (MI),Lombardia,F/2750,13195220150,"Piazza Imperatore Tito, 8, 20137 Milano, Italia"
AZIENDA FARMACIE MILANESI SPA O SOLO A.F.M. S.P.A.,Via E. Ponti,20143,Milano,Milano (MI),Lombardia,F/2764,13195220150,"Via E. Ponti, 20143 Milano, Italia"
MUNICIPALE N.51,"Via Padova, 256 (Via Pieri 1)",20127,Milano,Milano (MI),Lombardia,F/2765,13195220150,"Via Padova, 256 (Via Pieri 1), 20127 Milano, Italia"
LloydsFarmacia Milano n.54,"Via Scheiweller, 2",20139,Milano,Milano (MI),Lombardia,F/2766,13195220150,"Via Scheiweller, 2, 20139 Milano, Italia"
MUNICIPALE N.50,"Via Ampere, 87",20131,Milano,Milano (MI),Lombardia,F/2769,13195220150,"Via Ampere, 87, 20131 Milano, Italia"
MUNICIPALE N.56,"Via S.Paolino, 18",20142,Milano,Milano (MI),Lombardia,F/2770,13195220150,"Via S.Paolino, 18, 20142 Milano, Italia"
LloydsFarmacia Milano n.52,"Piazza Velasquez, 7",20148,Milano,Milano (MI),Lombardia,F/2774,13195220150,"Piazza Velasquez, 7, 20148 Milano, Italia"
MUNICIPALE N.55,"Via Imbonati, 61",20159,Milano,Milano (MI),Lombardia,F/2775,13195220150,"Via Imbonati, 61, 20159 Milano, Italia"
MUNICIPALE N.69,Piazza Monte Titano,20134,Milano,Milano (MI),Lombardia,F/2790,13195220150,"Piazza Monte Titano, 20134 Milano, Italia"
COMUNALE 73,"Via Inganni, 40",20147,Milano,Milano (MI),Lombardia,F/2796,13195220150,"Via Inganni, 40, 20147 Milano, Italia"
MUNICIPALE N.75,"Via Giorgio Washington, 74",20146,Milano,Milano (MI),Lombardia,F/2799,13195220150,"Via Giorgio Washington, 74, 20146 Milano, Italia"
MUNICIPALE N.76,"Via Dei Guarneri, 24",20141,Milano,Milano (MI),Lombardia,F/2800,13195220150,"Via Dei Guarneri, 24, 20141 Milano, Italia"
MUNICIPALE N.77,"Via Porpora, 169",20131,Milano,Milano (MI),Lombardia,F/2803,13195220150,"Via Porpora, 169, 20131 Milano, Italia"
FARMACIA V ALPINI SAS DI PERRECA DR.SSA PATRIZIA,"Largo QUINTO ALPINI, 1",20145,Milano,Milano (MI),Lombardia,F/2685,12246290964,"Largo QUINTO ALPINI, 1, 20145 Milano, Italia"
PESENTI SRL,"Via Ignazio Ciaia, 3/a - 3/b",20158,Milano,Milano (MI),Lombardia,F/2977,13066510150,"Via Ignazio Ciaia, 3/a - 3/b, 20158 Milano, Italia"
FARMACIA NOVARA SRL,"Via NOVARA, 90",20153,Milano,Milano (MI),Lombardia,F/2638,8267990961,"Via NOVARA, 90, 20153 Milano, Italia"
Farmacia Novara Srl,"Via Archimede, 20",20129,Milano,Milano (MI),Lombardia,F/2812,8267990961,"Via Archimede, 20, 20129 Milano, Italia"
S. ANNA SAS DR.SSA BRAVI CRISTINA,"Via Paravia, 73",20148,Milano,Milano (MI),Lombardia,F/2687,12150970965,"Via Paravia, 73, 20148 Milano, Italia"
FARMACIA GASTALDI DI DR. PIETRO BENZI & C. S.N.C.,"Via Cesare Faccioli, 2",20152,Milano,Milano (MI),Lombardia,F/2788,9162190962,"Via Cesare Faccioli, 2, 20152 Milano, Italia"
FARMACIA BELTRADE S.R.L.,"Piazza Santa Maria Beltrade, 1",20123,Milano,Milano (MI),Lombardia,F/2861,10564470960,"Piazza Santa Maria Beltrade, 1, 20123 Milano, Italia"
FARMACIA MONTI SRL,"Via Luigi Varanini, 19",20127,Milano,Milano (MI),Lombardia,F/2868,12062180968,"Via Luigi Varanini, 19, 20127 Milano, Italia"
FARMACIA CAMPIONI S.R.L.,"Viale S. Gimignano, 30",20146,Milano,Milano (MI),Lombardia,F/2683,12086340960,"Viale S. Gimignano, 30, 20146 Milano, Italia"
FARMACIA ZANOTTA SAS DI ANTONELLA ZANOTTA E C.,"Via Pulci, 19",20126,Milano,Milano (MI),Lombardia,F/2680,12308750962,"Via Pulci, 19, 20126 Milano, Italia"
FARMACIA SANTA RITA SRL,"Piazzale Gabriele Rosa, 11",20139,Milano,Milano (MI),Lombardia,F/2934,12091650965,"Piazzale Gabriele Rosa, 11, 20139 Milano, Italia"
FARMACIA SANTA TERESA S.R.L.,"Corso Magenta, 96",20123,Milano,Milano (MI),Lombardia,F/2661,11050820965,"Corso Magenta, 96, 20123 Milano, Italia"
FARMACIA DEL DUOMO S.R.L.,"Via Larga, 6",20122,Milano,Milano (MI),Lombardia,F/2626,8052330969,"Via Larga, 6, 20122 Milano, Italia"
FARMACIA LANZANI S.R.L.,"Via LESSONA, 2",20157,Milano,Milano (MI),Lombardia,F/2758,5270390965,"Via LESSONA, 2, 20157 Milano, Italia"
Farmacia Nizza di Club Salute Srl,"Via G. Murat, 85",20159,Milano,Milano (MI),Lombardia,F/2706,6414420965,"Via G. Murat, 85, 20159 Milano, Italia"
Nostra Signora di Montallegro SRL,"Via Bari, 11/A",20143,Milano,Milano (MI),Lombardia,F/18606,12454910964,"Via Bari, 11/A, 20143 Milano, Italia"
LAFARMACIA.MADONNINA,"Via UGO BETTI, 42/b",20151,Milano,Milano (MI),Lombardia,F/2903,3207930961,"Via UGO BETTI, 42/b, 20151 Milano, Italia"
FARMACIA PROCACCINI S.R.L.,"Via Lomazzo, 44-Ang. Via Procaccini 28",20154,Milano,Milano (MI),Lombardia,F/3004,3207930961,"Via Lomazzo, 44-Ang. Via Procaccini 28, 20154 Milano, Italia"
FARMACIA CITTA' STUDI S.R.L.,"Largo Murani, 2",20133,Milano,Milano (MI),Lombardia,F/2830,12084970966,"Largo Murani, 2, 20133 Milano, Italia"
PAOLO SARPI SRL,"Via Paolo Sarpi, 25",20154,Milano,Milano (MI),Lombardia,F/2813,5565080966,"Via Paolo Sarpi, 25, 20154 Milano, Italia"
MUNICIPALE N.17,"Viale Ungheria, 4",20138,Milano,Milano (MI),Lombardia,F/16356,13195220150,"Viale Ungheria, 4, 20138 Milano, Italia"
MUNICIPALE N.1,"Via del Liri, 1/3",20138,Milano,Milano (MI),Lombardia,F/16962,13195220150,"Via del Liri, 1/3, 20138 Milano, Italia"
MUNICIPALE N.86,"Via San Bernardo, 2",20142,Milano,Milano (MI),Lombardia,F/18617,13195220150,"Via San Bernardo, 2, 20142 Milano, Italia"
MUNICIPALE N.43,"Piazzale Cuoco, 8",20137,Milano,Milano (MI),Lombardia,F/2673,13195220150,"Piazzale Cuoco, 8, 20137 Milano, Italia"
MUNICIPALE N.82,"Via Padova Ang. Via Toselli, 2",20127,Milano,Milano (MI),Lombardia,F/2704,13195220150,"Via Padova Ang. Via Toselli, 2, 20127 Milano, Italia"
A.F.M. N. 2,"Via Parenzo, 8",20151,Milano,Milano (MI),Lombardia,F/2707,13195220150,"Via Parenzo, 8, 20151 Milano, Italia"
MUNICIPALE N.19,"Piazza Prealpi, 3",20155,Milano,Milano (MI),Lombardia,F/2715,13195220150,"Piazza Prealpi, 3, 20155 Milano, Italia"
LloydsFarmacia Milano n. 3,"Via Fratelli Denti, 2",20133,Milano,Milano (MI),Lombardia,F/2716,13195220150,"Via Fratelli Denti, 2, 20133 Milano, Italia"
del Lazzaretto,"Via Via Panfilo Castaldi, 29",20124,Milano,Milano (MI),Lombardia,F/2816,13432380965,"Via Via Panfilo Castaldi, 29, 20124 Milano, Italia"
FARMACIA BALBONI S.r.l.,"Via Giovanni Pezzotti, 59",20141,Milano,Milano (MI),Lombardia,F/2990,10581280962,"Via Giovanni Pezzotti, 59, 20141 Milano, Italia"
FARMACIA URUGUAY S.R.L.,"Via SEM BENELLI, 11-Ang. Via Uruguay",20129,Milano,Milano (MI),Lombardia,F/2847,13745860968,"Via SEM BENELLI, 11-Ang. Via Uruguay, 20129 Milano, Italia"
FARMACIA CENTRO MILANO SRL,"Via San Prospero ¿ Ing. Via Broletto, 1",20121,Milano,Milano (MI),Lombardia,F/2841,6769500965,"Via San Prospero ¿ Ing. Via Broletto, 1, 20121 Milano, Italia"
Dell'Orso Milano,"Via dell'Orso, 1",20121,Milano,Milano (MI),Lombardia,F/2863,6769500965,"Via dell'Orso, 1, 20121 Milano, Italia"
Farmacia Meazza di Dott.ssa A. MEAZZA & C. SNC,"Via Forze Armate, 4",20147,Milano,Milano (MI),Lombardia,F/2940,11978270152,"Via Forze Armate, 4, 20147 Milano, Italia"
FARMACIA S.CRISTOFORO S.A.S. DI NOBIS ANDREA E C.,"Piazza Tirana, SNC",20147,Milano,Milano (MI),Lombardia,F/2995,12772080151,"Piazza Tirana, SNC, 20147 Milano, Italia"
FARMACIA GIANNONE SAS,"Via C. FARINI, 5",20154,Milano,Milano (MI),Lombardia,F/2597,13225390965,"Via C. FARINI, 5, 20154 Milano, Italia"
Lloyds Farmacia Largo Augusto,"Largo Augusto, 8",20122,Milano,Milano (MI),Lombardia,F/2845,3653681209,"Largo Augusto, 8, 20122 Milano, Italia"
FARMACIA SANSOVINO S.N.C. DELLA DOTT.SSA SANSONE FEDERICA & C.,"Via Sansovino, 1",20133,Milano,Milano (MI),Lombardia,F/3012,10124080960,"Via Sansovino, 1, 20133 Milano, Italia"
NUOVA FARMACIA FATEBENEFRATELLI S.R.L.,"Piazzale PRINCIPESSA CLOTILDE, 1",20121,Milano,Milano (MI),Lombardia,F/2982,8965060968,"Piazzale PRINCIPESSA CLOTILDE, 1, 20121 Milano, Italia"
FARMACIA SALGARI SRL,"Via Caroncini Alberto, 6",20137,Milano,Milano (MI),Lombardia,F/2689,12094200966,"Via Caroncini Alberto, 6, 20137 Milano, Italia"
FARMACIA SERRA SAS DELLA DR.SSA TAVEGGIA PAOLA,"Viale Renato Serra, 52",20149,Milano,Milano (MI),Lombardia,F/2703,13862740969,"Viale Renato Serra, 52, 20149 Milano, Italia"
Coni Zugna Farma,"Viale Coni Zugna, 56",20144,Milano,Milano (MI),Lombardia,F/2950,10376470968,"Viale Coni Zugna, 56, 20144 Milano, Italia"
FARMACIA SANTA CHIARA SNC DOTTORI COLOMBO LEONI ALFREDO ANDREA MARIA E ANNA GIULIA MARIA,"Via Crescenzago, 36",20134,Milano,Milano (MI),Lombardia,F/2971,10921980966,"Via Crescenzago, 36, 20134 Milano, Italia"
Farmacia Imbriani,"Via Degli Imbriani, 35",20158,Milano,Milano (MI),Lombardia,F/2639,5937180965,"Via Degli Imbriani, 35, 20158 Milano, Italia"
FARMACIA DE MARCHI S.R.L.,"Via Emilio De Marchi, 10",20125,Milano,Milano (MI),Lombardia,F/2668,11844140969,"Via Emilio De Marchi, 10, 20125 Milano, Italia"
FARMACIA S. MATTEO SAS DELLA DR.SSA CASTAGNOLA LAURA ENRICA,"Via Civitali, 41",20148,Milano,Milano (MI),Lombardia,F/2871,13781710960,"Via Civitali, 41, 20148 Milano, Italia"
FARMACIA REPUBBLICA SRL,"Viale TUNISIA, 41",20124,Milano,Milano (MI),Lombardia,F/2931,13393680965,"Viale TUNISIA, 41, 20124 Milano, Italia"
FARMACIA CARROBBIO SRL,"Via STAMPA, 14",20123,Milano,Milano (MI),Lombardia,F/2839,13459130962,"Via STAMPA, 14, 20123 Milano, Italia"
FARMACIA CARNEVALE S.N.C. DI CARNEVALE BONINO ANDREA,"Via Raffaello Sanzio, 2/A",20149,Milano,Milano (MI),Lombardia,F/2964,13834540968,"Via Raffaello Sanzio, 2/A, 20149 Milano, Italia"
FARMACIA SCALABRINI SRL,"Largo Scalabrini, 6",20146,Milano,Milano (MI),Lombardia,F/2996,12684210961,"Largo Scalabrini, 6, 20146 Milano, Italia"
FARMACIA ALLA PORTA S.R.L.,"Via Vaina ang. Porta Romana, 2",20122,Milano,Milano (MI),Lombardia,F/2913,5353530966,"Via Vaina ang. Porta Romana, 2, 20122 Milano, Italia"
FARMACIA CANONICA S.N.C. DEL DOTT. PIERCARLO MANELLI,"Via LUIGI CANONICA, 32",20154,Milano,Milano (MI),Lombardia,F/3017,13228000967,"Via LUIGI CANONICA, 32, 20154 Milano, Italia"
CADORNA SNC DR. TIEGHI GIORGIO & C.,"Piazzale Cadorna, 11",20123,Milano,Milano (MI),Lombardia,F/3011,3362610960,"Piazzale Cadorna, 11, 20123 Milano, Italia"
FARMACIA OLMETTO S.A.S. DEL DOTT. SELLE MARCO E C.,"Via Wittgens, 3",20123,Milano,Milano (MI),Lombardia,F/2828,12089440965,"Via Wittgens, 3, 20123 Milano, Italia"
FARMACIA FARINATTI S.N.C. DEI DOTTORI SILVIA E GIUSEPPE FARINATTI,"Via Pier Della Francesca, 3",20154,Milano,Milano (MI),Lombardia,F/2645,5438820960,"Via Pier Della Francesca, 3, 20154 Milano, Italia"
farmacia Concordia dr. Papa srl,"Corso Concordia, 16",20129,Milano,Milano (MI),Lombardia,F/2611,13257040967,"Corso Concordia, 16, 20129 Milano, Italia"
Farmacia Plinio,"Via Plinio, 11",20129,Milano,Milano (MI),Lombardia,F/2631,12151280968,"Via Plinio, 11, 20129 Milano, Italia"
Farmacia Bergognone SAS,"Via Bergognone, 31",20144,Milano,Milano (MI),Lombardia,F/3020,10209770964,"Via Bergognone, 31, 20144 Milano, Italia"
"FARMACIA MALPIGHI S.N.C. DI GUFFANTI GIAN PAOLO, CHIARA E GIORGIO","Via Malpighi, 12",20129,Milano,Milano (MI),Lombardia,F/2684,12867160967,"Via Malpighi, 12, 20129 Milano, Italia"
FARMACIA FIORE SNC DELLE DR.SSE FIORE BARBARA E SIMONA,"Via Strigelli, 2",20135,Milano,Milano (MI),Lombardia,F/2650,7561670964,"Via Strigelli, 2, 20135 Milano, Italia"
tripharma s.a.s. di manelli maria luisa & c.,"Via via guglielmo silva, 39",20149,Milano,Milano (MI),Lombardia,F/2696,12968820964,"Via via guglielmo silva, 39, 20149 Milano, Italia"
FARMACIA PORPORA SRL,"Via Porpora, 148",20131,Milano,Milano (MI),Lombardia,F/3010,9151920965,"Via Porpora, 148, 20131 Milano, Italia"
Sant'Elena srl,"Via Fratelli Zoia, 84",20153,Milano,Milano (MI),Lombardia,F/2755,13073430962,"Via Fratelli Zoia, 84, 20153 Milano, Italia"
FARMACIA IGEA S.R.L.,"Via Gustavo Modena, 25",20129,Milano,Milano (MI),Lombardia,F/2966,7980390962,"Via Gustavo Modena, 25, 20129 Milano, Italia"
FARMACIA UMANITARIA S.R.L.,"Via Achille Maiocchi, 14",20129,Milano,Milano (MI),Lombardia,F/2962,7980640960,"Via Achille Maiocchi, 14, 20129 Milano, Italia"
FARMACIA CAIROLI S.R.L.,"Via San Giovanni Sul Muro, 9",20121,Milano,Milano (MI),Lombardia,F/2624,9145070968,"Via San Giovanni Sul Muro, 9, 20121 Milano, Italia"
FARMACIA SENATO S.R.L.,"Via Senato, 2",20121,Milano,Milano (MI),Lombardia,F/2936,8801680961,"Via Senato, 2, 20121 Milano, Italia"
FARMACIA CANOSSA S.R.L.,"Corso Sempione, 67",20149,Milano,Milano (MI),Lombardia,F/2757,12021210963,"Corso Sempione, 67, 20149 Milano, Italia"
FARMACIA RAVIZZA S.R.L.,"Via Marghera, 18",20149,Milano,Milano (MI),Lombardia,F/2882,6578900968,"Via Marghera, 18, 20149 Milano, Italia"
ROMA SNC,"Via Piacenza, 24",20135,Milano,Milano (MI),Lombardia,F/2946,6700780965,"Via Piacenza, 24, 20135 Milano, Italia"
FARMACIA LEGA LOMBARDA S.R.L.,"Viale Elvezia, 6",20154,Milano,Milano (MI),Lombardia,F/2963,12514310155,"Viale Elvezia, 6, 20154 Milano, Italia"
HIPPO 80 FARMA SRL,"Via Stradella, 1",20129,Milano,Milano (MI),Lombardia,F/2870,11261800962,"Via Stradella, 1, 20129 Milano, Italia"
Abruzzi,"Via Plinio Caio Secondo, 46",20129,Milano,Milano (MI),Lombardia,F/2912,11261800962,"Via Plinio Caio Secondo, 46, 20129 Milano, Italia"
LAFARMACIA.BONOLA SRL,"Via Ugo Betti, 159/B",20151,Milano,Milano (MI),Lombardia,F/2974,10425280962,"Via Ugo Betti, 159/B, 20151 Milano, Italia"
FARMACIA OGGIARO SRL,"Via Ungaretti, 12",20157,Milano,Milano (MI),Lombardia,F/2746,4720760968,"Via Ungaretti, 12, 20157 Milano, Italia"
FARMACIA DR MAX MILANO BAUSAN,"Piazza GIOVANNI BAUSAN, 3",20158,Milano,Milano (MI),Lombardia,F/2609,3664141201,"Piazza GIOVANNI BAUSAN, 3, 20158 Milano, Italia"
DR.MAX ITALIA SRL,"Piazza Insubria, 11",20137,Milano,Milano (MI),Lombardia,F/2756,3664141201,"Piazza Insubria, 11, 20137 Milano, Italia"
FARMACIA CASTOLDI DEI DOTTORI NATALE E SANTILLI SRL,"Via Luigi Porro Lambertenghi, 25",20159,Milano,Milano (MI),Lombardia,F/17205,6197990960,"Via Luigi Porro Lambertenghi, 25, 20159 Milano, Italia"
Farmacia Della Roggia,"Viale Toscana, 17",20136,Milano,Milano (MI),Lombardia,F/2869,5632870878,"Viale Toscana, 17, 20136 Milano, Italia"
GESTIONI S. GIUSEPPE S.R.L.,"Via San Vittore, 12",20123,Milano,Milano (MI),Lombardia,F/2629,4638170961,"Via San Vittore, 12, 20123 Milano, Italia"
Farmacia Forze Armate,"Via Forze Armate, 212",20152,Milano,Milano (MI),Lombardia,F/2699,3706040361,"Via Forze Armate, 212, 20152 Milano, Italia"
FARMACIA SFORZAS.A.S. DI GUARNIERI ANTONIO,"Via LODOVICO IL MORO, 163",20142,Milano,Milano (MI),Lombardia,F/2875,13794150964,"Via LODOVICO IL MORO, 163, 20142 Milano, Italia"
Farmacia Pasubio Farma Acquisition Srl,"Via Pasubio, 6/8",20154,Milano,Milano (MI),Lombardia,F/2598,2489000998,"Via Pasubio, 6/8, 20154 Milano, Italia"
Farmacia Carlo Erba,"Piazza Duomo, 21",20121,Milano,Milano (MI),Lombardia,F/2681,2489000998,"Piazza Duomo, 21, 20121 Milano, Italia"
Farmacia Venezia Farma Acquisition S.r.l.,"Corso Buenos Aires, 22",20124,Milano,Milano (MI),Lombardia,F/2751,2489000998,"Corso Buenos Aires, 22, 20124 Milano, Italia"
Farmacia Stazione Centrale Farma Acquisition Srl,"P.zale Duca D'Aosta, Snc-staz. Centrale-primo Piano",20125,Milano,Milano (MI),Lombardia,F/2762,2489000998,"P.zale Duca D'Aosta, Snc-staz. Centrale-primo Piano, 20125 Milano, Italia"
Farmacia Durini Farma Acquisition S.r.l.,"Galleria Passarella, 1",20122,Milano,Milano (MI),Lombardia,F/2838,2489000998,"Galleria Passarella, 1, 20122 Milano, Italia"
Farmacia Fulvio Testi Farma Acquisition S.r.l.,"Viale Fulvio Testi, 90",20126,Milano,Milano (MI),Lombardia,F/2976,2489000998,"Viale Fulvio Testi, 90, 20126 Milano, Italia"
Farmacia Corvetto Farma Acquisition S.r.l.,"Viale Lucania, 6",20139,Milano,Milano (MI),Lombardia,F/2985,2489000998,"Viale Lucania, 6, 20139 Milano, Italia"
Farmacia Ranzoni,"Viale Ranzoni, 2",20149,Milano,Milano (MI),Lombardia,F/3003,2489000998,"Viale Ranzoni, 2, 20149 Milano, Italia"
FARMACIA MILANO VESUVIO,"Piazza Vesuvio, 14",20144,Milano,Milano (MI),Lombardia,F/2627,12283700966,"Piazza Vesuvio, 14, 20144 Milano, Italia"
FARMACIA MILANO BAIRES,"Corso Buenos Aires, 55",20124,Milano,Milano (MI),Lombardia,F/2642,12283700966,"Corso Buenos Aires, 55, 20124 Milano, Italia"
FARMACIA MILANO SETTEMBRINI,"Via Luigi Settembrini, 39",20124,Milano,Milano (MI),Lombardia,F/2667,12283700966,"Via Luigi Settembrini, 39, 20124 Milano, Italia"
FARMACIA MILANO SAINT BON,"Via SAINT BON SIMONE, 2",20147,Milano,Milano (MI),Lombardia,F/2760,12283700966,"Via SAINT BON SIMONE, 2, 20147 Milano, Italia"
FARMA MILANO - QUARENGHI,"Via Quarenghi, 23",20151,Milano,Milano (MI),Lombardia,F/2818,12283700966,"Via Quarenghi, 23, 20151 Milano, Italia"
FARMACIA MILANO PORTA ROMANA,"Corso Porta Romana, 68",20122,Milano,Milano (MI),Lombardia,F/2901,12283700966,"Corso Porta Romana, 68, 20122 Milano, Italia"
FARMACIA MILANO SOLFERINO,"Via Solferino, 25",20121,Milano,Milano (MI),Lombardia,F/2928,12283700966,"Via Solferino, 25, 20121 Milano, Italia"
Farmacia Milano - Altamura,"Via Altamura, 20",20148,Milano,Milano (MI),Lombardia,F/3001,12283700966,"Via Altamura, 20, 20148 Milano, Italia"
FARMACIA S. MICHELE S.R.L.,"Viale Coni Zugna, 12",20144,Milano,Milano (MI),Lombardia,F/2905,11070440968,"Viale Coni Zugna, 12, 20144 Milano, Italia"
FARMACIA PREMUDA S.A.S. DEL DR. DEL GENOVESE EDOARDO MARIO VINCENZO & C.,"Via Pasquale Sottocorno, 1",20129,Milano,Milano (MI),Lombardia,F/2819,13866670964,"Via Pasquale Sottocorno, 1, 20129 Milano, Italia"
farmacia piazza gramsci,"Via paolo sarpi, 62",20154,Milano,Milano (MI),Lombardia,F/2731,3860200967,"Via paolo sarpi, 62, 20154 Milano, Italia"
SUZZANI SNC DI ROMANO E ALBERTO MISSAGLIA,Viale Suzzani 18,20162,Milano,Milano (MI),Lombardia,F/2759,3860200967,"Viale Suzzani 18, 20162 Milano, Italia"
FARAM SNC sede di corso di porta ticinese,"Corso P.ta Ticinese, 98",20123,Milano,Milano (MI),Lombardia,F/2864,3860200967,"Corso P.ta Ticinese, 98, 20123 Milano, Italia"
FARAM SNC sede di piazzale Martesana,"Piazzale Martesana, 4 - Angolo V.le Monza",20126,Milano,Milano (MI),Lombardia,F/2866,3860200967,"Piazzale Martesana, 4 - Angolo V.le Monza, 20126 Milano, Italia"
FARMACIA BOIFAVA S.R.L.,"Via Pietro Boifava, 31/B",20142,Milano,Milano (MI),Lombardia,F/2927,10698600151,"Via Pietro Boifava, 31/B, 20142 Milano, Italia"
FARMACIA F.LLI RAGNI S.r.l.,"Via Litta Modignami, 5",20161,Milano,Milano (MI),Lombardia,F/2856,8441520965,"Via Litta Modignami, 5, 20161 Milano, Italia"
